filename,caption,caption_es
https://drive.google.com/file/d/18TwRMAXQs0zdkBk48l513eZnvKe-7hmX/view,GV/LV Promotional Material,Material Promocional de GV/LV
https://drive.google.com/file/d/1UhVkJxInz-HD8eE7LwtWxWs4jfkn28Ej/view,GV/LV Promotional Material,Material Promocional de GV/LV
https://drive.google.com/file/d/1ck5UDziQGRvEo5CYSpxgQyC8vYILy-E_/view,GV/LV — Apps,GV/LV — Apps
https://drive.google.com/file/d/185kvpNHr3gvE0IsJw94L_FdM0ezxizBw/view,GV/LV — Audiobook,GV/LV — Audiobook
https://drive.google.com/file/d/1D8lAqY90Yqd-EKRDWSr666H0ve_4NeWq/view,GV/LV — Carry the message,GV/LV — Carry the message
https://drive.google.com/file/d/1m5tpmuigfk7V2Kt4kTaJ0ZlmopypFEff/view,GV/LV — Catalog,GV/LV — Catalog
https://drive.google.com/file/d/1eH_tV76y6Np1Jcl1zz1olJTenZl7wFIl/view,GV/LV — Free materials,GV/LV — Free materials
https://drive.google.com/file/d/1TPIYwhS4imczEc3oxlaNQBBBgMFeWu-x/view,GV/LV — Online free Resources,GV/LV — Online free Resources
https://drive.google.com/file/d/1ypYEuCxXh7PhR5nIQPqlPoq6P3tA9QM8/view,GV/LV — Podcast,GV/LV — Podcast
https://drive.google.com/file/d/1ihUWpTpoSQhLWJUNqepUq7oA2zDgXcnX/view,GV/LV — Youtube,GV/LV — Youtube
https://drive.google.com/file/d/1FwQvtrRj5jaSQuCQmVtFH4p5INn2JGcx/view,GV/LV Promotional Material,Material Promocional de GV/LV
https://drive.google.com/file/d/1mWN-lhYPL11kdIbWJq0mbcRncUhgDq9t/view,GV/LV Promotional Material,Material Promocional de GV/LV
https://drive.google.com/file/d/1-u4mNb4oaIw7_mAmUi8SK26pVtab3K9H/view,Published in Grapevine — GV July,Publicado en Grapevine — GV July
https://drive.google.com/file/d/1-5I-XTwrnd3p3neihwxXct7V7LNCeRD6/view,Published in Grapevine — GV October ,Publicado en Grapevine — GV October 
https://drive.google.com/file/d/1KWtnzLwq9OfB1mF9UMFghgrZBfubJG63/view,Published in Grapevine — January GV,Publicado en Grapevine — January GV
https://drive.google.com/file/d/1prMiNoQZwydwjE3uqRby4AYIm4QwBpSL/view,Published in Grapevine — January,Publicado en Grapevine — January
https://drive.google.com/file/d/1pg9en5Cs79lmIFFoRwKC9RE7TTi_VvEi/view,Published in Grapevine — July - A Vision for Me,Publicado en Grapevine — July - A Vision for Me
https://drive.google.com/file/d/1DTtEjWGnfYCocTmRsho9yPrWM4qtbJc3/view,Published in Grapevine — July -Tradirion 7,Publicado en Grapevine — July -Tradirion 7
https://drive.google.com/file/d/1vzsiB_Ba2EoxbCWaALVfxTcWUTvzaWUh/view,Published in Grapevine — October GV,Publicado en Grapevine — October GV
https://drive.google.com/file/d/1owLBxgC2hAtZMJ6P_WI1ffyQp2LXyvzw/view,Published in Grapevine — October,Publicado en Grapevine — October
https://drive.google.com/file/d/1bdbKl-tdl-vlqTHpBrScgUQXM0wi94df/view,Published in La Viña — Enero  Febrero - Mi Fuente de Vida,Publicado en La Viña — Enero  Febrero - Mi Fuente de Vida
https://drive.google.com/file/d/1oJlfXP_YFXbUBOkagfprMHYRkCc1vYHH/view,Published in La Viña — Enero  Febrero - Obstinación,Publicado en La Viña — Enero  Febrero - Obstinación
https://drive.google.com/file/d/13gI0Hq0Mex1P7NJk5bZZIAG-cFuoVzH2/view,Published in La Viña — Enero  Febrero LV,Publicado en La Viña — Enero  Febrero LV
https://drive.google.com/file/d/15jcRjdS0qlcTIcoL86JZhcLkDNz-pmBK/view,Published in La Viña — Júlio  Agosto - Máscara de Soberbia,Publicado en La Viña — Júlio  Agosto - Máscara de Soberbia
https://drive.google.com/file/d/1D62Fx4QdeYWibys_TAMVTvRKIva-OzTm/view,Published in La Viña — Júlio  Agosto Advertencia,Publicado en La Viña — Júlio  Agosto Advertencia
https://drive.google.com/file/d/1ZphXId4BeB7kaU12rZAJt9QvEaZjMXpQ/view,Published in La Viña — Júlio  Agosto LV,Publicado en La Viña — Júlio  Agosto LV
https://drive.google.com/file/d/1acztE8tiJRC4pzOSh5K7lypGNLK8AJpL/view,Published in La Viña — Marzo  Abril - Alteuismo,Publicado en La Viña — Marzo  Abril - Alteuismo
https://drive.google.com/file/d/1-2mTDwrs7EcWgR0hsbLxY-OFka76LioE/view,Published in La Viña — Marzo  Abril - Listo,Publicado en La Viña — Marzo  Abril - Listo
https://drive.google.com/file/d/1oJRNg0yfzC-ymyClSCq-_mey5_mA6Zzf/view,Published in La Viña — Marzo  Abril LV,Publicado en La Viña — Marzo  Abril LV
https://drive.google.com/file/d/1T67ZlOmsQn0r7Eaelu3eQZh0jTubCfRH/view,Published in La Viña — Nov  Dec Autonomia - Nadja F,Publicado en La Viña — Nov  Dec Autonomia - Nadja F
https://drive.google.com/file/d/1_blSeJ1EG2gjEDf70sQv6_LZBvLlNX1G/view,Published in La Viña — November  December - Jorge ,Publicado en La Viña — November  December - Jorge 
https://drive.google.com/file/d/1NN-mF9KwEGsn0GaJ05qeCpt8i_VXbd_q/view,Published in La Viña — November  December 2025,Publicado en La Viña — November  December 2025
https://drive.google.com/file/d/16zvlTL0HiYQBou572oUUe2tbz3Fn1gdc/view,Published in La Viña — Sep 1,Publicado en La Viña — Sep 1
https://drive.google.com/file/d/1Da5jUaXPFU6HkMN2FuyihyFFAUqi4df1/view,Published in La Viña — Sep 2,Publicado en La Viña — Sep 2
https://drive.google.com/file/d/15T7IBZzDoXtAaP9-vmcoOzBOHz1D0o_i/view,Published in La Viña — Sep 3,Publicado en La Viña — Sep 3
https://drive.google.com/file/d/112XTbvGkU1BhdJ63N-Axq1jBQ7JLU-sQ/view,Published in La Viña — Sep 4,Publicado en La Viña — Sep 4
https://drive.google.com/file/d/1eRRie8W6WcAZxY0lHnLV8GQmWg1nNv1A/view,Published in La Viña — Sep 5,Publicado en La Viña — Sep 5
https://drive.google.com/file/d/1gS5EgLyvyo0swNMmCqtIU_XHmSXIEFjr/view,Published in La Viña — Septiembre  Octubre LV,Publicado en La Viña — Septiembre  Octubre LV
https://drive.google.com/file/d/1n7LLutnZ60FjHEml3U5vsJZm2QyUPNMZ/view,GV/LV Committee Event — NETA 65,Evento del Comité de GV/LV — NETA 65
https://drive.google.com/file/d/1C6ZrKVoacsy-VaPtpp2QCiSuiKRRaMgy/view,GV/LV Committee Event — NETA 65,Evento del Comité de GV/LV — NETA 65
https://drive.google.com/file/d/11rX_g_rQCXcalZabRdXq6F2YODlhLegT/view,GV/LV Committee Event — NETA 65,Evento del Comité de GV/LV — NETA 65
https://drive.google.com/file/d/1szT8cclb-TXp-asr493nOOvXYGCj7Ex1/view,GV/LV Committee Event — NETA 65,Evento del Comité de GV/LV — NETA 65
https://drive.google.com/file/d/13-oXeZSmzxcZf506YVe8hJ3qUQbhni4q/view,GV/LV Committee Event — NETA 65,Evento del Comité de GV/LV — NETA 65
https://drive.google.com/file/d/1W6YVH8hV6vW4deJlbnx1C_gzRfd3LGn_/view,GV/LV Committee Event — NETA 65,Evento del Comité de GV/LV — NETA 65
https://drive.google.com/file/d/1y3evFBZEJzwp4Tppb4MMIprzrxECgSWW/view,GV/LV Committee Event — NETA 65,Evento del Comité de GV/LV — NETA 65
https://drive.google.com/file/d/1_VJWVCgCnBo5cPDQg0NdeDbhFdzD2WKY/view,GV/LV Committee Event — NETA 65,Evento del Comité de GV/LV — NETA 65
https://drive.google.com/file/d/1NhiHa8UFHfDOwQ2AuJEbflrSh3SOqKnC/view,GV/LV Committee Event — NETA 65,Evento del Comité de GV/LV — NETA 65
https://drive.google.com/file/d/1tKCAiNzSJeOL6IELABC3SZjHer6Ka1ln/view,GV/LV Committee Event — NETA 65,Evento del Comité de GV/LV — NETA 65
https://drive.google.com/file/d/1V1kmUrRSpPBHgAKI7U-ylj99HLL6UhKO/view,GV/LV Committee Event — NETA 65,Evento del Comité de GV/LV — NETA 65
https://drive.google.com/file/d/104ZXs-RgmsXQd7ECLeWjuRCTFihiUNqQ/view,GV/LV Committee Event — NETA 65,Evento del Comité de GV/LV — NETA 65
https://drive.google.com/file/d/16ofJ14sMSHbYTIcK06_RDzQCcKPsrSu7/view,GV/LV Committee Event — NETA 65,Evento del Comité de GV/LV — NETA 65
https://drive.google.com/file/d/1mE6bMXtj_u9xeO3ichf1IfQ7U384DpGb/view,GV/LV Committee Event — NETA 65,Evento del Comité de GV/LV — NETA 65
https://drive.google.com/file/d/13EGxkKSwCwhWJNfaDqGHZfWB_TnUH-hw/view,GV/LV Committee Event — NETA 65,Evento del Comité de GV/LV — NETA 65
https://drive.google.com/file/d/1PyegaKxVWs5_x6PLtZ6ty60M3BS3ZGKp/view,GV/LV Committee Event — NETA 65,Evento del Comité de GV/LV — NETA 65
https://drive.google.com/file/d/1Ay4VhFtaa06VjvVTqePeu7LZ-7awk-9y/view,GV/LV Committee Event — NETA 65,Evento del Comité de GV/LV — NETA 65
https://drive.google.com/file/d/1tp1kdGv3yB_vVPQpJ16G0HlsYVoxJ36n/view,GV/LV Committee Event — NETA 65,Evento del Comité de GV/LV — NETA 65
https://drive.google.com/file/d/1e_y0AILrgwzHlbfdqelTtKlpAs3X8t2T/view,GV/LV Committee Event — NETA 65,Evento del Comité de GV/LV — NETA 65
https://drive.google.com/file/d/1cQyyLtxQL3oh3uT5l5v2d59LlV3yGvLF/view,GV/LV Committee Event — NETA 65,Evento del Comité de GV/LV — NETA 65
https://drive.google.com/file/d/13Jjts6NAzvaZZ2y2YerVdcRpkmZWU9a8/view,GV/LV Committee Event — NETA 65,Evento del Comité de GV/LV — NETA 65
https://drive.google.com/file/d/1EAETivtZDGn_iGbUPVLikVRP4uuEyUZQ/view,GV/LV Committee Event — NETA 65,Evento del Comité de GV/LV — NETA 65
https://drive.google.com/file/d/1-m3rkw5ngJH4BzmhaiyJMBds4iNv8TtS/view,GV/LV Committee Event — NETA 65,Evento del Comité de GV/LV — NETA 65
https://drive.google.com/file/d/1ldUOc_zoHGq8ch-x1hSK_vTCD0c0EcMB/view,GV/LV Committee Event — NETA 65,Evento del Comité de GV/LV — NETA 65
https://drive.google.com/file/d/1l1XE-kXMGzfHS_xc-VQTgakee_ntJL0X/view,GV/LV Committee Event — NETA 65,Evento del Comité de GV/LV — NETA 65
https://drive.google.com/file/d/1er_gsOIF4_ZOH1I_l7Ytg_F4iYHrrHnX/view,GV/LV Committee Event — NETA 65,Evento del Comité de GV/LV — NETA 65
https://drive.google.com/file/d/1QnCYMTqdTzuukiWfI0bJX86ATecjJxEO/view,GV/LV Committee Event — NETA 65,Evento del Comité de GV/LV — NETA 65
https://drive.google.com/file/d/1Tkl98g-R6r5YR45mncTA3qgT1nnDYwY5/view,GV/LV Committee Event — NETA 65,Evento del Comité de GV/LV — NETA 65
https://drive.google.com/file/d/1gXWOzXnXW98x4dmGOiXdNqwoZHo2sxFN/view,GV/LV Committee Event — NETA 65,Evento del Comité de GV/LV — NETA 65
https://drive.google.com/file/d/1QZWY4jC3C6KKIEchdu4Iiqce51WkKV_r/view,GV/LV Committee Event — NETA 65,Evento del Comité de GV/LV — NETA 65
https://drive.google.com/file/d/1Rz9spaqM4SFNDoZIYOKddNf8KKjmgX5y/view,GV/LV Committee Event — NETA 65,Evento del Comité de GV/LV — NETA 65
https://drive.google.com/file/d/1nbDHK4cxZvA7JnXID02cisy1O-_oooth/view,GV/LV Committee Event — NETA 65,Evento del Comité de GV/LV — NETA 65
https://drive.google.com/file/d/1pCW_MMD-nXYGLm5t1RsyKWFoW2YVE-Nc/view,GV/LV Committee Event — NETA 65,Evento del Comité de GV/LV — NETA 65
https://drive.google.com/file/d/1lkKBDPP9agDqjsOLu5fcJpqKL8o0mtai/view,GV/LV Committee Event — NETA 65,Evento del Comité de GV/LV — NETA 65
https://drive.google.com/file/d/18mqr4coO17dX__W38bmX0VWm0z-cux_b/view,GV/LV Committee Event — NETA 65,Evento del Comité de GV/LV — NETA 65
https://drive.google.com/file/d/1BTDz37Y37Wo9CMZ51cv9dYIJgcYrw5DK/view,GV/LV Committee Event — NETA 65,Evento del Comité de GV/LV — NETA 65
https://drive.google.com/file/d/1d0gfxiV0MpSNBVYfIDH4eGPSYftq8TTx/view,GV/LV Committee Event — NETA 65,Evento del Comité de GV/LV — NETA 65
https://drive.google.com/file/d/1iUplhSo-2VcTJqDAiiQ6psHnNmC1mRXm/view,GV/LV Committee Event — NETA 65,Evento del Comité de GV/LV — NETA 65
https://drive.google.com/file/d/1sEKMhxFfOuYO0n2gaxEfdsoNYpSMGDB3/view,GV/LV Committee Event — NETA 65,Evento del Comité de GV/LV — NETA 65
https://drive.google.com/file/d/1icy4Z63DKrLCbPGxVDRh4jqtsD8jnMiD/view,GV/LV Committee Event — NETA 65,Evento del Comité de GV/LV — NETA 65
https://drive.google.com/file/d/1R2QIOdJ9G4ldON-PP8xf5TOdfP9RfBQd/view,GV/LV Committee Event — NETA 65,Evento del Comité de GV/LV — NETA 65
https://drive.google.com/file/d/1uW5SK-d7JdfSVWGB3tJbkyrIxiVl7Q6i/view,GV/LV Committee Event — NETA 65,Evento del Comité de GV/LV — NETA 65
https://drive.google.com/file/d/1dCul2G91ZGNF-1WBHNXR9v8P3aBEYVCm/view,GV/LV Committee Event — NETA 65,Evento del Comité de GV/LV — NETA 65
https://drive.google.com/file/d/1iCX154fOQLT_bj7JB9ZWjUczNmK76T6v/view,GV/LV Committee Event — NETA 65,Evento del Comité de GV/LV — NETA 65
https://drive.google.com/file/d/1zvGsuSeCVn2G8X8e2cd76XAEuyVTCyM8/view,GV/LV Committee Event — NETA 65,Evento del Comité de GV/LV — NETA 65
https://drive.google.com/file/d/1qiNeYLOHNfReIbEHo2-oh4tLPMTttUYG/view,GV/LV Committee Event — NETA 65,Evento del Comité de GV/LV — NETA 65
https://drive.google.com/file/d/19jxQXoC2OZm8Yql6SEulIZfKdn2ppTVl/view,GV/LV Committee Event — NETA 65,Evento del Comité de GV/LV — NETA 65
https://drive.google.com/file/d/177Z9Vjd3kapbhxfs48B0TlmCWgAz1tOm/view,GV/LV Committee Event — NETA 65,Evento del Comité de GV/LV — NETA 65
https://drive.google.com/file/d/1MNug2CLV1P5sQNsbV-cCyr40mCBZi4Ua/view,GV/LV Committee Event — NETA 65,Evento del Comité de GV/LV — NETA 65
https://drive.google.com/file/d/15FU6eqhr1FijqBQFa_0ScRoodLhhBuQH/view,GV/LV Committee Event — NETA 65,Evento del Comité de GV/LV — NETA 65
https://drive.google.com/file/d/14u6dhK3GilLJlgtlZcy4s0uNoikgTw3J/view,GV/LV Committee Event — NETA 65,Evento del Comité de GV/LV — NETA 65
https://drive.google.com/file/d/1EMoT2BCJFfknNrrYTE3PLs_erHXn6EpD/view,GV/LV Committee Event — NETA 65,Evento del Comité de GV/LV — NETA 65
https://drive.google.com/file/d/1ALfGJ0Cjb4uqPL60REGtgwo0RN7cSNKo/view,GV/LV Committee Event — NETA 65,Evento del Comité de GV/LV — NETA 65
https://drive.google.com/file/d/1K64JXatPTYQdvzeXtpZxG0Gt4RMWZUu_/view,GV/LV Committee Event — NETA 65,Evento del Comité de GV/LV — NETA 65
https://drive.google.com/file/d/1QENcITzEe-iTNB8tL7Nw2HraBv5vGbkF/view,GV/LV Committee Event — NETA 65,Evento del Comité de GV/LV — NETA 65
https://drive.google.com/file/d/1Umc_SxA0k7qW9xW-gYQQBNOAjRh-l2UO/view,GV/LV Committee Event — NETA 65,Evento del Comité de GV/LV — NETA 65
https://drive.google.com/file/d/1baWx2BtFUOgsX0ngYobcdvaqh9J05XOw/view,GV/LV Committee Event — NETA 65,Evento del Comité de GV/LV — NETA 65
https://drive.google.com/file/d/1RLouhP-6062LmWTWRMa-KN9JYafeYAY0/view,GV/LV Committee Event — NETA 65,Evento del Comité de GV/LV — NETA 65
https://drive.google.com/file/d/1qDLfQi7fsI7wPqj8Y5mPx8-9s9wZzyoi/view,GV/LV Committee Event — NETA 65,Evento del Comité de GV/LV — NETA 65
https://drive.google.com/file/d/1ThBCNRnxLwDSO1uFB54g03ESqPGbHZKX/view,GV/LV Committee Event — NETA 65,Evento del Comité de GV/LV — NETA 65
https://drive.google.com/file/d/120cUcaVlJwHRq2uoZuS6o82FlNR7MACD/view,GV/LV Committee Event — NETA 65,Evento del Comité de GV/LV — NETA 65
https://drive.google.com/file/d/1_9yfPiWIgPI3IDCrm3uE1OvKW3FALfpO/view,GV/LV Committee Event — NETA 65,Evento del Comité de GV/LV — NETA 65
https://drive.google.com/file/d/1HYUl4dNw7XqcBuNbPZNEihvInRNgj-ZK/view,GV/LV Committee Event — NETA 65,Evento del Comité de GV/LV — NETA 65
https://drive.google.com/file/d/1FkPu5WGEfruINCLgGy5Znlg2qUzme2AR/view,GV/LV Committee Event — NETA 65,Evento del Comité de GV/LV — NETA 65
https://drive.google.com/file/d/104At0hLP4xSmzuiF4xutPHM28SAP4bbN/view,GV/LV Committee Event — NETA 65,Evento del Comité de GV/LV — NETA 65
https://drive.google.com/file/d/1EGZdbs3ghSe8PGO1hmXK3ciAc76vNkBD/view,GV/LV Committee Event — NETA 65,Evento del Comité de GV/LV — NETA 65
https://drive.google.com/file/d/1Fk_IoxX4FwdQgl9dYRtXhg27U94QwH-_/view,GV/LV Committee Event — NETA 65,Evento del Comité de GV/LV — NETA 65
https://drive.google.com/file/d/1fRrWuTxBatX2nnyevaQHJFVc4M4cre86/view,GV/LV Committee Event — NETA 65,Evento del Comité de GV/LV — NETA 65
https://drive.google.com/file/d/1htmCBT02QzaGaoF7OCFqRdr92hLyRO4N/view,GV/LV Committee Event — NETA 65,Evento del Comité de GV/LV — NETA 65
https://drive.google.com/file/d/1daxXv9AURLfbtN_v2-OOhvdL2_6VPrXo/view,GV/LV Committee Event — NETA 65,Evento del Comité de GV/LV — NETA 65
https://drive.google.com/file/d/1bmTrs6DqfNmjuwa3mSk2nZGt1EK8i6h0/view,GV/LV Committee Event — NETA 65,Evento del Comité de GV/LV — NETA 65
https://drive.google.com/file/d/122GOpqrf-SQylHAbYCvG6aLsBS-OgItO/view,GV/LV Committee Event — NETA 65,Evento del Comité de GV/LV — NETA 65
https://drive.google.com/file/d/1RXH9k9zqJRYgjrVMEuJKJmJ9-G2uJYzH/view,GV/LV Committee Event — NETA 65,Evento del Comité de GV/LV — NETA 65
https://drive.google.com/file/d/13enLyylDYOnHmF85681WGQ48w_Dnr2Ad/view,GV/LV Committee Event — NETA 65,Evento del Comité de GV/LV — NETA 65
https://drive.google.com/file/d/1ZZrDXEU7SKTYFl8e1rCVP-gp0tcmqcBs/view,GV/LV Committee Event — NETA 65,Evento del Comité de GV/LV — NETA 65
https://drive.google.com/file/d/1_YCa05fcw2tNyqUvdK6UdmGjFPHuJQlA/view,GV/LV Committee Event — NETA 65,Evento del Comité de GV/LV — NETA 65
https://drive.google.com/file/d/1J2UxQFugqxBQBObRQGrdd49Hs1uwTihQ/view,GV/LV Committee Event — NETA 65,Evento del Comité de GV/LV — NETA 65
https://drive.google.com/file/d/1wbGQS6NLpKOeSFELhZ7SncLw-ARDRQ2j/view,GV/LV Committee Event — NETA 65,Evento del Comité de GV/LV — NETA 65
https://drive.google.com/file/d/1s7VsF7RTuuc4yURXKnYOh1kmoo_Bvflp/view,GV/LV Committee Event — NETA 65,Evento del Comité de GV/LV — NETA 65
https://drive.google.com/file/d/1S1bH9grVe0X6CVnjHR5oybxrvgDKYtwY/view,GV/LV Committee Event — NETA 65,Evento del Comité de GV/LV — NETA 65
https://drive.google.com/file/d/1JK29B7rZhKQPSY8Z1ifWKc1RpYSox8jH/view,GV/LV Committee Event — NETA 65,Evento del Comité de GV/LV — NETA 65
https://drive.google.com/file/d/1g7j0Sqywdr0WgSEJOOrvNgbXD_Ndcxz7/view,GV/LV Committee Event — NETA 65,Evento del Comité de GV/LV — NETA 65
https://drive.google.com/file/d/1YGrK-KP_X9hIFtBME9SMPr_6O_8-RTxL/view,GV/LV Committee Event — NETA 65,Evento del Comité de GV/LV — NETA 65
https://drive.google.com/file/d/1AzE5GYtb92D5bpB5VIvZbbVh9b9jAB4p/view,GV/LV Committee Event — NETA 65,Evento del Comité de GV/LV — NETA 65
https://drive.google.com/file/d/1PJZzU5fwDGJShXPsswkABHSnNFV8MLzb/view,GV/LV Committee Event — NETA 65,Evento del Comité de GV/LV — NETA 65
https://drive.google.com/file/d/16vsnY1IeFVnAY-ooSFmOBuRCKWSCNaSI/view,GV/LV Committee Event — NETA 65,Evento del Comité de GV/LV — NETA 65
https://drive.google.com/file/d/1plBpCAyiadILEXPq3GbPDmjiQ0H5XQ20/view,GV/LV Committee Event — NETA 65,Evento del Comité de GV/LV — NETA 65
https://drive.google.com/file/d/1MqAoJ2Fn6loaOkBWgigeYh6WChJDOfCE/view,GV/LV Committee Event — NETA 65,Evento del Comité de GV/LV — NETA 65
https://drive.google.com/file/d/17KtCgOj-yfn3Bab_DgJWdkc00ExO2up4/view,GV/LV Committee Event — NETA 65,Evento del Comité de GV/LV — NETA 65
https://drive.google.com/file/d/1MxXfrhUCrDnjBZ1oYdbDVGSpnXSAbZKQ/view,GV/LV Committee Event — NETA 65,Evento del Comité de GV/LV — NETA 65
https://drive.google.com/file/d/1_2Uxr1XzZg7wj8nsAdt9U4pkxZRKleG3/view,GV/LV Committee Event — NETA 65,Evento del Comité de GV/LV — NETA 65
https://drive.google.com/file/d/1XTrcxcxKreh8TCLzHX9W_kyPvje3NwQL/view,GV/LV Committee Event — NETA 65,Evento del Comité de GV/LV — NETA 65
https://drive.google.com/file/d/1wZ984ItAyQu1YpbnQP14YHBUlAtnQcc7/view,GV/LV Committee Event — NETA 65,Evento del Comité de GV/LV — NETA 65
https://drive.google.com/file/d/1qAouMwtYnqb3JBLwoms-sg-oe5XJVivK/view,GV/LV Committee Event — NETA 65,Evento del Comité de GV/LV — NETA 65
https://drive.google.com/file/d/1rFAyxKZhFO6NuzGYvlzgoqN42xvXypg_/view,GV/LV Committee Event — NETA 65,Evento del Comité de GV/LV — NETA 65
https://drive.google.com/file/d/1WGqjrdAr2jNEtC2zoTnoPtQeVF0Oirm6/view,GV/LV Committee Event — NETA 65,Evento del Comité de GV/LV — NETA 65
https://drive.google.com/file/d/1ssSfzH61NObxhjL2053coodBRilPEQYA/view,GV/LV Committee Event — NETA 65,Evento del Comité de GV/LV — NETA 65
https://drive.google.com/file/d/1tHQyeVqvOrfx2Tj6Uk6AFQuwyUPXulwI/view,GV/LV Committee Event — NETA 65,Evento del Comité de GV/LV — NETA 65
https://drive.google.com/file/d/16LYCnD7XSi3xYqaDzJ4N-jl58jUEfyev/view,GV/LV Committee Event — NETA 65,Evento del Comité de GV/LV — NETA 65
https://drive.google.com/file/d/1Rd9GpIfpLZXAQ3JKwwai-uS2w5Bcqhvw/view,GV/LV Committee Event — NETA 65,Evento del Comité de GV/LV — NETA 65
https://drive.google.com/file/d/1GEbBPyDF1CWVUjN2heWd21aUvrDpvTYe/view,GV/LV Committee Event — NETA 65,Evento del Comité de GV/LV — NETA 65
https://drive.google.com/file/d/1rk5GmACBF4e6t97JG-9XxbhzwSMLyTn7/view,GV/LV Committee Event — NETA 65,Evento del Comité de GV/LV — NETA 65
https://drive.google.com/file/d/1JswLE9ICceiNhZ4VJOfUDI_SNLneBZcO/view,GV/LV Committee Event — NETA 65,Evento del Comité de GV/LV — NETA 65
https://drive.google.com/file/d/1nN974YCHtMTccn2heiPIXi7VZo3K2VUQ/view,GV/LV Committee Event — NETA 65,Evento del Comité de GV/LV — NETA 65
https://drive.google.com/file/d/1TDmXa3BH1vNjd9r1lyaKChbyuDw1rU4F/view,GV/LV Committee Event — NETA 65,Evento del Comité de GV/LV — NETA 65
https://drive.google.com/file/d/1mfAOkHDDjR692geZYFENFIiz2FD0nPpq/view,GV/LV Committee Event — NETA 65,Evento del Comité de GV/LV — NETA 65
https://drive.google.com/file/d/1XdHZFJg3nR5E_e7ymc3WRWHsuwcgMnVr/view,GV/LV Committee Event — NETA 65,Evento del Comité de GV/LV — NETA 65
https://drive.google.com/file/d/1hnTxymbbytxzjSBNiWHwEE2UyolcvFkK/view,GV/LV Committee Event — NETA 65,Evento del Comité de GV/LV — NETA 65
https://drive.google.com/file/d/1lz5pJjgit_LZoUxhZORgVSzb53FnGCN5/view,GV/LV Committee Event — NETA 65,Evento del Comité de GV/LV — NETA 65
https://drive.google.com/file/d/1k_S71MTnCLqD1oBmaGgz6_PGaKH2XAEA/view,GV/LV Committee Event — NETA 65,Evento del Comité de GV/LV — NETA 65
https://drive.google.com/file/d/1kvb0LihQjItCgYsFhW68fueF_3MtCZdq/view,GV/LV Committee Event — NETA 65,Evento del Comité de GV/LV — NETA 65
https://drive.google.com/file/d/1M-GGnWuGYyX5owQwBPqholENIFhWyTet/view,GV/LV Committee Event — NETA 65,Evento del Comité de GV/LV — NETA 65
https://drive.google.com/file/d/1BNZqYmy-kFQohb77xSDCfBz8mNyuqlWu/view,GV/LV Committee Event — NETA 65,Evento del Comité de GV/LV — NETA 65
https://drive.google.com/file/d/1pfX5tes608-OWjgyUO6xqhOTC1YtygKB/view,GV/LV Committee Event — NETA 65,Evento del Comité de GV/LV — NETA 65
https://drive.google.com/file/d/1dihsIu8_f9FiQFQa3fgESwY5YgEoW7cw/view,GV/LV Committee Event — NETA 65,Evento del Comité de GV/LV — NETA 65
https://drive.google.com/file/d/1ogyLKXy4GuIBGG3mzCqgUvpq9ym7TdQ5/view,GV/LV Committee Event — NETA 65,Evento del Comité de GV/LV — NETA 65
https://drive.google.com/file/d/1BVsW2d9rnqRaxNxN5LHnDmt2vQCuMpQK/view,GV/LV Committee Event — NETA 65,Evento del Comité de GV/LV — NETA 65
https://drive.google.com/file/d/1uoH6jxhxTZqq63ciyLAP8cgcpGxSKQIn/view,GV/LV Committee Event — NETA 65,Evento del Comité de GV/LV — NETA 65
https://drive.google.com/file/d/1-A-moBSnEydiaCBTQCk-Fn9lYE4WaQLr/view,GV/LV Committee Event — NETA 65,Evento del Comité de GV/LV — NETA 65
https://drive.google.com/file/d/11tp8dMNBDVvo3fyNirMvFdPvtrGuluQw/view,GV/LV Committee Event — NETA 65,Evento del Comité de GV/LV — NETA 65
https://drive.google.com/file/d/1WkKvoGboda4UkjumFqv3ECCqRfco2eAp/view,GV/LV Committee Event — NETA 65,Evento del Comité de GV/LV — NETA 65
https://drive.google.com/file/d/1TyjqAVJ76HCm_UkwxOjsXkiTuxzx2CzN/view,GV/LV Committee Event — NETA 65,Evento del Comité de GV/LV — NETA 65
https://drive.google.com/file/d/10tnufWDcQU60fs9TszXBrExQOvF1a-gN/view,GV/LV Committee Event — NETA 65,Evento del Comité de GV/LV — NETA 65
https://drive.google.com/file/d/13suseyn_To97XuaRkNG29PNh5Eucuh5b/view,GV/LV Committee Event — NETA 65,Evento del Comité de GV/LV — NETA 65
